{"flutter":{"platforms":{"android":{"default":{"projectId":"flutter-demo-notification-app","appId":"1:902599418651:android:9236e489675a56176ba9be","fileOutput":"android/app/google-services.json"}},"ios":{"default":{"projectId":"flutter-demo-notification-app","appId":"1:902599418651:ios:99605f1e66e43cf46ba9be","uploadDebugSymbols":false,"fileOutput":"ios/Runner/GoogleService-Info.plist"}},"dart":{"lib/firebase_options.dart":{"projectId":"flutter-demo-notification-app","configurations":{"android":"1:902599418651:android:9236e489675a56176ba9be","ios":"1:902599418651:ios:99605f1e66e43cf46ba9be"}}}}}}